Test Set,RankSVM
1,0.63334
2,0.62667
3,0.63948
4,0.59581
5,0.61735
6,0.58011
7,0.62348
8,0.60001
9,0.62458
10,0.59139
